molecule_chembl_id,activity_type,activity_value,smiles
CHEMBL179177,IC50,1200.0,Cc1ccc(COC(=O)NC(=O)c2cc(-c3ccc(-c4ccccc4)cc3)cs2)cc1
CHEMBL180762,IC50,2500.0,Cc1ccc(COC(=O)NC(=O)c2cc(-c3ccc(-c4ccccc4O)cc3)cs2)cc1
CHEMBL178652,IC50,2200.0,O=C(N[C@@H](C(=O)O)c1ccccc1)c1cc(-c2ccc(OC(F)(F)F)cc2)cs1
CHEMBL178651,Ki,2200.0,O=C1NC(=O)C2(CCC(=O)N2c2ccccc2)C(=O)N1
CHEMBL181372,Ki,130.0,O=C1NC(=O)C2(CCC(=O)N2c2ccc(Br)cc2)C(=O)N1
CHEMBL178509,Ki,4.7,O=C1NC(=O)C2(CCC(=O)N2c2ccc(Oc3ccccc3)cc2)C(=O)N1
CHEMBL181022,Ki,934.0,O=C1NC(=O)C2(CCC(=O)N2c2ccc(-c3ccccc3)cc2)C(=O)N1
CHEMBL181391,Ki,1100.0,O=C1NC(=O)C2(CCC(=O)N2c2ccc(OCc3ccccc3)cc2)C(=O)N1
CHEMBL180616,Ki,0.95,O=C1NC(=O)C2(CCC(=O)N2c2ccc(Oc3ccc(Cl)cc3)cc2)C(=O)N1
CHEMBL425341,Ki,54.0,O=C1NC(=O)C2(CCC(=O)N2c2ccc(Oc3cccc(Cl)c3)cc2)C(=O)N1
CHEMBL181562,Ki,1.9,COc1cccc(Oc2ccc(N3C(=O)CCC34C(=O)NC(=O)NC4=O)cc2)c1
CHEMBL178625,Ki,110.0,COc1ccccc1Oc1ccc(N2C(=O)CCC23C(=O)NC(=O)NC3=O)cc1
CHEMBL178749,Ki,5.8,O=C1NC(=O)C2(CCC(=O)N2c2ccc(Oc3ccc4c(c3)OCO4)cc2)C(=O)N1
CHEMBL361533,Ki,25.0,COc1ccncc1Oc1ccc(N2C(=O)CCC23C(=O)NC(=O)NC3=O)cc1
CHEMBL359716,Ki,4.2,COC(=O)c1ccc(Oc2ccc(N3C(=O)CCC34C(=O)NC(=O)NC4=O)cc2)cc1
CHEMBL180275,Ki,2.7,O=C1NC(=O)C2(CCC(=O)N2c2ccc(Oc3ccc(C(=O)O)cc3)cc2)C(=O)N1
CHEMBL178163,Ki,0.33,O=C1NC(=O)C2(CCC(=O)N2c2ccc(Oc3ccc(Oc4ccccc4)cc3)cc2)C(=O)N1
CHEMBL440498,Ki,0.52,O=C(NO)C1(CS(=O)(=O)c2ccc(Oc3ccc(Cl)cc3)cc2)CCOCC1
CHEMBL361527,Ki,0.54,CCC1CC(=O)N(c2ccc(Oc3ccccc3)cc2)C12C(=O)NC(=O)NC2=O
